{"cameraMode":{"drawMode":0,"name":"Shaded","section":"Shading Mode"},"sceneLighting":true,"audioPlay":false,"sceneViewState":{"m_AlwaysRefresh":false,"showFog":true,"showSkybox":true,"showFlares":true,"showImageEffects":true,"showParticleSystems":true,"showVisualEffectGraphs":true,"m_FxEnabled":true},"in2DMode":false,"pivot":{"x":-4.710000514984131,"y":-5.910472393035889,"z":-4.194101333618164},"rotation":{"x":0.014953261241316796,"y":0.9240646362304688,"z":-0.3801770806312561,"w":0.036333367228507999},"size":10.810129165649414,"orthographic":false}