{"cameraMode":{"drawMode":0,"name":"Shaded","section":"Shading Mode"},"sceneLighting":true,"audioPlay":false,"sceneViewState":{"m_AlwaysRefresh":false,"showFog":true,"showSkybox":true,"showFlares":true,"showImageEffects":true,"showParticleSystems":true,"showVisualEffectGraphs":true,"m_FxEnabled":true},"in2DMode":false,"pivot":{"x":-37.55985641479492,"y":-11.142642974853516,"z":-4.7302093505859379},"rotation":{"x":0.6532718539237976,"y":-0.0011356023605912924,"z":0.0009799323743209243,"w":0.7571225762367249},"size":35.71648025512695,"orthographic":true}