{"cameraMode":{"drawMode":0,"name":"Shaded","section":"Shading Mode"},"sceneLighting":true,"audioPlay":false,"sceneViewState":{"m_AlwaysRefresh":false,"showFog":true,"showSkybox":true,"showFlares":true,"showImageEffects":true,"showParticleSystems":true,"showVisualEffectGraphs":true,"m_FxEnabled":true},"in2DMode":false,"pivot":{"x":5.0315351486206059,"y":34.97901153564453,"z":-0.9750490188598633},"rotation":{"x":-0.6971017718315125,"y":-0.0023499305825680496,"z":0.0025452638510614635,"w":-0.717030942440033},"size":24.08317756652832,"orthographic":true}